link,name,year_of_birth,year_of_death,date_of_death,timestamp_of_death,median_views_adjusted_bd_1,median_views_adjusted_ad_1,mean_views_adjusted_bd_1,death_views_1,death_views_adjusted_1,std_1,iqr_1,median_views_adjusted_bd_2,median_views_adjusted_ad_2,mean_views_adjusted_bd_2,death_views_2,death_views_adjusted_2,std_2,iqr_2,median_views_adjusted_bd_3,median_views_adjusted_ad_3,mean_views_adjusted_bd_3,death_views_3,death_views_adjusted_3,std_3,iqr_3,median_views_adjusted_bd_7,median_views_adjusted_ad_7,mean_views_adjusted_bd_7,death_views_7,death_views_adjusted_7,std_7,iqr_7,pageid,description,canonical,display,thumbnail_source,thumbnail_width,thumbnail_height,extract,industry,cause,sudden,last_updated
/wiki/Roddy_Piper,Roddy Piper,1954,2015,July 31,20150731,1804,2335.5,1920.5,234746,248819,406.44718804128377,569,3735,4722,3841,1228357,1351926,619.0549787108304,936,5862.5,7148,5761.5,1416289,1549376,783.0503495944562,1401,13070,16725,13686,1828900,1975446,1342.699705816606,1975,405184,Canadian professional wrestler and actor,Roddy_Piper,Roddy Piper,https://upload.wikimedia.org/wikipedia/commons/thumb/1/10/Roddy_Piper_%282014-04-04_19-10-01_NEX-6_7421_DxO_%2813933727033%29%29.jpg/180px-Roddy_Piper_%282014-04-04_19-10-01_NEX-6_7421_DxO_%2813933727033%29%29.jpg,180,320,"Roderick George Toombs, better known by his ring name ""Rowdy"" Roddy Piper, was a Canadian professional wrestler and actor.",sports,heart failure,false,20180717
/wiki/Wes_Craven,Wes Craven,1939,2015,August 30,20150830,1269,1484,1324.2833333333333,1283,1303,225.4730650333994,216.5,2600,2956,2648.5666666666666,636487,605211,361.74306566340084,297,3871.5,4477.5,3972.85,772369,740484,456.58978032803145,421,9125.5,10350,9174.375,924980,892907,568.7886113267389,715.5,153147,American director,Wes_Craven,Wes Craven,https://upload.wikimedia.org/wikipedia/commons/thumb/0/05/Wes_Craven_2010.jpg/219px-Wes_Craven_2010.jpg,219,320,"Wesley Earl ""Wes"" Craven was an American film director, writer, producer, and actor. He was known for his pioneering work in the genre of horror films, particularly slasher films, where his impact on the genre was considered prolific and influential. Due to the success and cultural impact of his works in the horror film genre, Craven has been called a ""Master of Horror"".",film/tv,cancer,false,20180717
/wiki/Yogi_Berra,Yogi Berra,1925,2015,September 22,20150922,1430,1136,1568.012048192771,1196,1173,645.7977133761228,343,2903,2303.5,3140.8536585365855,542689,537161,991.9569857161172,638,4377,3487.5,4720.740740740741,782586,780006,1354.9034567928009,925,10409,8186.5,11107,935505,940171,2349.0014512941066,4603,43088,"American baseball player, manager, coach",Yogi_Berra,Yogi Berra,https://upload.wikimedia.org/wikipedia/commons/thumb/f/f1/1953_Bowman_Yogi_Berra.jpg/212px-1953_Bowman_Yogi_Berra.jpg,212,320,"Lawrence Peter ""Yogi"" Berra was an American professional baseball catcher, who later took on the roles of manager and coach. He played 19 seasons in Major League Baseball (MLB), all but the last for the New York Yankees. He was an 18-time All-Star and won 10 World Series championships as a player—more than any other player in MLB history. Berra had a career batting average of.285, while hitting 358 home runs and 1,430 runs batted in. He is one of only five players to win the American League Most Valuable Player Award three times. He is widely regarded as one of the greatest catchers in baseball history, and was elected to the Baseball Hall of Fame in 1972.",sports,natural causes,false,20180717
/wiki/Maureen_O%27Hara,Maureen O'Hara,1920,2015,October 24,20151024,1792,1808,2467.5391304347827,231144,252092,2277.0226413758764,897,3562,3815.5,4945.684210526316,487235,508265,3870.9074150729152,1639,5617.5,5918,7418.526315789473,587825,603953,4811.478122468363,2656,14069,14237,17411.375,704749,718816,11309.21290848196,4724,235309,Irish-American film actress and singer,Maureen_O'Hara,Maureen O'Hara,https://upload.wikimedia.org/wikipedia/commons/thumb/d/d6/Maureen_O%27Hara_in_The_Quiet_Man_%281952%29.png/275px-Maureen_O%27Hara_in_The_Quiet_Man_%281952%29.png,275,320,"Maureen O'Hara was an Irish-American actress and singer. O'Hara was a famous redhead who was known for playing fiercely passionate but sensible heroines, often in westerns and adventure films. On numerous occasions, she worked with director John Ford and longtime friend John Wayne. O'Hara was one of the last surviving stars from the Golden Age of Hollywood.",film/tv,natural causes,false,20180717
/wiki/Jonah_Lomu,Jonah Lomu,1975,2015,November 18,20151118,1280.5,828.5,2661.2642857142855,569354,555122,3629.497914136952,2366,2708,1693,5322.528571428571,698253,682872,6658.568288242125,5283,4008,2604,8074.782608695652,752854,739735,8866.301571762415,10089,8907,6250,18628.85,829712,818744,17659.253374010466,28476,264230,New Zealand rugby union player,Jonah_Lomu,Jonah Lomu,https://upload.wikimedia.org/wikipedia/commons/c/c6/Jonah_Lomu_%28cropped%29.jpg,200,300,"Jonah Tali Lomu was a New Zealand rugby union player. He became the youngest ever All Black when he played his first international in 1994 at the age of 19 years and 45 days. Playing on the wing Lomu finished his international career with 63 caps and 37 tries. He is regarded as the first true global superstar of rugby and consequently had a huge impact on the game. Lomu was inducted into the International Rugby Hall of Fame on 9 October 2007, and the IRB Hall of Fame on 24 October 2011.",sports,heart failure,false,20180717
/wiki/Scott_Weiland,Scott Weiland,1967,2015,December 3,20151203,1278,2313,1367.0129032258064,1210,1217,412.3731630937668,177,2563,4659,2735.6493506493507,879338,910575,770.1355887744579,386,3885,6958.5,4104.117647058823,1183689,1248244,1079.7472951822047,511,9171.5,16233,9574.772727272728,1681078,1725983,1793.5251964121635,1173,367133,American musician,Scott_Weiland,Scott Weiland,https://upload.wikimedia.org/wikipedia/commons/thumb/3/36/Scott_Weiland_%28Stone_Temple_Pilots%29_Open_Air_St._Gallen_%28rotated%29.jpg/233px-Scott_Weiland_%28Stone_Temple_Pilots%29_Open_Air_St._Gallen_%28rotated%29.jpg,233,320,"Scott Richard Weiland was an American musician, singer and songwriter. During a career spanning three decades, Weiland was best known as the lead singer of the band Stone Temple Pilots from 1989 to 2002 and 2008 to 2013. He was also a member of supergroup Velvet Revolver from 2003 to 2008 and recorded one album with another supergroup, Art of Anarchy. He also established himself as a solo artist, releasing three studio albums, two cover albums, and collaborations with several other musicians throughout his career.",music,drug overdose,false,20180717
/wiki/Natalie_Cole,Natalie Cole,1950,2015,December 31,20151231,718,1671,818.2732240437158,785,874,394.33038170902563,189,1433,3378.5,1638.0549450549452,610656,656360,681.379956656115,359,2146,5054,2454.8196721311474,1026404,1060600,980.0785433262057,491,5046.5,12175,5733.192307692308,1295377,1315386,1943.103802192429,983,423882,American singer and songwriter,Natalie_Cole,Natalie Cole,https://upload.wikimedia.org/wikipedia/commons/thumb/a/a8/Natalie_Cole_2007.jpg/247px-Natalie_Cole_2007.jpg,247,320,"Natalie Maria Cole was an American singer, voice actress, songwriter, and actress. The daughter of the great American singer Nat King Cole, she rose to musical success in the mid-1970s as an R&B artist with the hits ""This Will Be"", ""Inseparable"" (1975), and ""Our Love"" (1977). Cole re-emerged as a pop artist with the 1987 album Everlasting and her cover of Bruce Springsteen's ""Pink Cadillac"". In the 1990s, she re-recorded standards by her father, resulting in her biggest success, Unforgettable... with Love, which sold over seven million copies and also won Cole seven Grammy Awards. She sold over 30 million records worldwide. On December 31, 2015, Cole died at the age of 65 at Cedars-Sinai Medical Center in Los Angeles, California, due to congestive heart failure.",music,heart failure,false,20180717
/wiki/David_Bowie,David Bowie,1947,2016,January 10,20160110,9605,11267,11411.772020725388,37386,35165,8299.71756369725,2586,19407,22371,22865.34375,6985568,5927735,16258.489889149789,4703.5,28447.5,33692,34298.015625,9701001,8439166,22877.259857287998,7375.5,73535,78900,80329.18518518518,12006245,10673477,44916.25715009115,13394,8786,"British musician, actor, record producer and arranger",David_Bowie,David Bowie,https://upload.wikimedia.org/wikipedia/commons/thumb/e/e8/David-Bowie_Chicago_2002-08-08_photoby_Adam-Bielawski-cropped.jpg/274px-David-Bowie_Chicago_2002-08-08_photoby_Adam-Bielawski-cropped.jpg,274,320,"David Robert Jones, known professionally as David Bowie, was an English singer, songwriter and actor who is often considered to be one of the most influential musicians of the 20th century. He was a leading figure in popular music and was acclaimed by critics and fellow musicians for his innovative work, particularly for his work during the 1970s. His career was marked by reinvention and visual presentation, with his music and stagecraft significantly influencing popular music. During his lifetime, his record sales, estimated at 140 million albums worldwide, made him one of the world's best-selling music artists. In the UK, he was awarded ten platinum album certifications, eleven gold and eight silver, releasing eleven number-one albums. In the US, he received five platinum and nine gold certifications. He was inducted into the Rock and Roll Hall of Fame in 1996.",music,cancer,false,20180717
/wiki/Alan_Rickman,Alan Rickman,1946,2016,January 14,20160114,3817,7482,4407.781725888325,3394010,3224117,1744.6228827794944,1278,7787.5,15264,8822.204081632653,4657063,4483097,3318.2625001007946,2457,11640,23118,13241.676923076922,4988744,4824755,4837.342519345458,3897,27245.5,54328,30877.714285714286,5467390,5270530,10134.920278977259,7806,39879,"English film, television and stage actor",Alan_Rickman,Alan Rickman,https://upload.wikimedia.org/wikipedia/commons/thumb/5/50/Alan_Rickman_cropped_and_retouched.jpg/235px-Alan_Rickman_cropped_and_retouched.jpg,235,320,"Alan Sidney Patrick Rickman was an English actor and director known for playing a variety of roles on stage, television and film. Rickman trained at the Royal Academy of Dramatic Art in London and became a member of the Royal Shakespeare Company, performing in numerous theatre productions of both classical and modern. On stage, Rickman is most known for his role as Le Victomte de Valmont in the 1985 production of Les Liaisons Dangereuses, for which he was nominated for both a Tony Award for Best Actor in a Play and a Drama Desk Award for Outstanding Actor in a Play. Rickman was also nominated for a second Tony Award in 2002 for playing the role of Elyot Chase in Noel Coward's Private Lives. In 1996, Rickman gained critical recognition for his portrayal of the dark monk Grigori Rasputin in the television film Rasputin: Dark Servant of Destiny winning him a Golden Globe Award, a Primetime Emmy Award, a SAG Award and a Satellite Award all for best actor in a miniseries or television film. Rickman's most notable roles are through his film work. One of his most famous performances is as the Sheriff of Nottingham in the 1991 film Robin Hood: Prince of Thieves, which earned him a BAFTA Award for Best Actor in a Supporting Role. However, Rickman's most popular role is as the mysterious Professor Severus Snape in the Harry Potter film franchise.",film/tv,cancer,false,20180717
/wiki/Glenn_Frey,Glenn Frey,1948,2016,January 18,20160118,1370,3175,1497.0995024875622,387587,353375,571.6742453841815,352,2728,6450,2995.89,1447036,1321300,905.5042230161051,910,4114,9588,4491.298507462687,1665432,1528387,1176.5157135908262,1143,9594,22506,10495,1981787,1833969,2351.9180014860817,2467.5,536880,American musician,Glenn_Frey,Glenn Frey,https://upload.wikimedia.org/wikipedia/commons/thumb/8/8a/Glenn_Frey.jpg/320px-Glenn_Frey.jpg,320,318,"Glenn Lewis Frey was an American singer, songwriter, actor and founding member of the rock band the Eagles. Frey was the lead singer and frontman for the Eagles, roles he came to share with fellow member Don Henley, with whom he wrote most of the Eagles' material. Frey played guitar and keyboards as well as singing lead vocals on songs such as ""Take It Easy"", ""Peaceful Easy Feeling"", ""Tequila Sunrise"", ""Already Gone"", ""James Dean"", ""Lyin' Eyes"", ""New Kid in Town"", and ""Heartache Tonight"".",music,illness,false,20180717
/wiki/Terry_Wogan,Terry Wogan,1938,2016,January 31,20160131,512.5,691,764.8551401869158,474806,439575,1110.2217268428647,357,1095,1418.5,1529.7102803738317,655456,601557,1919.372785059003,795,1647,2124.5,2300.507042253521,702373,645210,2386.7458893001685,926,4018.5,5020,5372.666666666667,772498,713673,4257.869274127091,1917,233249,Irish radio and television broadcaster,Terry_Wogan,Terry Wogan,https://upload.wikimedia.org/wikipedia/commons/thumb/3/3b/Terry_Wogan_at_Cheltenham_Literature_Festival.jpg/222px-Terry_Wogan_at_Cheltenham_Literature_Festival.jpg,222,320,"Sir Michael Terence Wogan, better known as Terry Wogan, was an Irish radio and television broadcaster who worked for the BBC in the UK for most of his career. Before he retired in 2009, his BBC Radio 2 weekday breakfast programme Wake Up to Wogan had eight million regular listeners, making him the most listened-to radio broadcaster in Europe.",film/tv,cancer,false,20180717
/wiki/Antonin_Scalia,Antonin Scalia,1936,2016,February 13,20160213,1331,1714,1829.6431718061674,634269,666901,2355.9439703898665,682,2653,3462.5,3567.0619469026547,1569067,1579451,4115.340356859898,1339,4159,5195.5,5289.253333333333,1928300,1909826,6072.426660665039,1874,10170,12264,12231.21875,2444531,2396818,9665.377930836354,3904,166514,former Associate Justice of the Supreme Court of the United States,Antonin_Scalia,Antonin Scalia,https://upload.wikimedia.org/wikipedia/commons/thumb/0/00/Antonin_Scalia_Official_SCOTUS_Portrait_crop.jpg/253px-Antonin_Scalia_Official_SCOTUS_Portrait_crop.jpg,253,320,"Antonin Gregory Scalia was an Associate Justice of the Supreme Court of the United States from 1986 until his death in 2016. Appointed to the Court by President Ronald Reagan in 1986, Scalia was described as the intellectual anchor for the originalist and textualist position in the Court's conservative wing.",politics,natural causes,false,20180717
/wiki/Nancy_Reagan,Nancy Reagan,1921,2016,March 6,20160306,3393,2200,3786.4859437751006,561399,542043,2164.353487041961,930,6760,4397,7583.774193548387,1055017,1000196,3866.3919328029465,1713,10168,6719,11359.4578313253,1206358,1147653,4567.094041418632,2640,23310,15603.5,26463.77142857143,1703530,1667137,8590.472400400387,7583,21181,actress and first lady of the United States,Nancy_Reagan,Nancy Reagan,https://upload.wikimedia.org/wikipedia/commons/thumb/1/18/Nancy_Reagan.jpg/256px-Nancy_Reagan.jpg,256,320,"Nancy Davis Reagan was an American film actress and the wife of Ronald Reagan, the 40th President of the United States. She served as the First Lady of the United States from 1981 to 1989.",politics,heart failure,false,20180717
/wiki/Johan_Cruyff,Johan Cruyff,1947,2016,March 24,20160324,1461,1782,1772.6104868913858,450986,485879,1868.643726441566,356,2862,3617,3546.781954887218,674566,728341,3394.159054802594,695,4534,5417,5317.831460674157,766583,830270,3668.3018182834226,1163,10574,12640,12413.736842105263,916097,980179,8553.117617768361,2354,26276416,Dutch association football player,Johan_Cruyff,Johan Cruyff,https://upload.wikimedia.org/wikipedia/commons/thumb/b/b6/Ajax-selectie_presenteert_zich_aan_de_pers%2C_nummer_15_Heinz_Stuy%2C_nummer_16_Ruud_Krol%2C_nummer_13_Johan_Cruyff%2C_nummer_14_Wim_Suurbier_%28allen_koppen%29.jpg/240px-Ajax-selectie_presenteert_zich_aan_de_pers%2C_nummer_15_Heinz_Stuy%2C_nummer_16_Ruud_Krol%2C_nummer_13_Johan_Cruyff%2C_nummer_14_Wim_Suurbier_%28allen_koppen%29.jpg,240,320,"Hendrik Johannes ""Johan"" Cruijff OON was a Dutch professional football player and coach. As a player, he won the Ballon d'Or three times, in 1971, 1973, and 1974. Cruyff was the most famous exponent of the football philosophy known as Total Football explored by Rinus Michels, and is widely regarded as one of the greatest players in football history. In the late 1960s and early 1970s, Dutch football rose from obscurity to become a powerhouse in the sport. Cruyff led the Netherlands to the final of the 1974 FIFA World Cup and received the Golden Ball as player of the tournament. At the 1974 finals, he executed a feint that subsequently was named after him, the ""Cruyff Turn"", a move widely replicated in the modern game.",sports,cancer,false,20180717
/wiki/Garry_Shandling,Garry Shandling,1949,2016,March 24,20160324,553,1968,697.5692883895131,442476,476711,470.21165633512976,273,1124,4028,1396.5563909774437,1084360,1172804,843.8089654230561,494,1725,6165,2092.7078651685392,1256115,1363060,1224.2317306733955,693,4013.5,14497,4887.9473684210525,1478661,1585819,2510.5457463663824,1766,635632,American stand-up comedian,Garry_Shandling,Garry Shandling,https://upload.wikimedia.org/wikipedia/commons/thumb/2/2b/GarryShandlingApr2011.jpg/235px-GarryShandlingApr2011.jpg,235,320,"Garry Emmanuel Shandling was an American stand-up comedian, actor, director, writer, and producer. He was best known for his work in It's Garry Shandling's Show and The Larry Sanders Show.",comedy,heart failure,false,20180717
/wiki/Patty_Duke,Patty Duke,1946,2016,March 29,20160329,1767.5,2266.5,1986.9080882352941,696374,686585,826.8328097195335,627,3575.5,4619,3973.8161764705883,1216043,1215345,1444.9453541580833,944.5,5603,7012,5976.8,1371832,1378106,1905.9957630826173,1651,13444.5,16415,13993.842105263158,1534595,1551875,3494.6015624577876,4399,575345,American actress,Patty_Duke,Patty Duke,https://upload.wikimedia.org/wikipedia/commons/thumb/5/57/Patty_Duke_%281962%29_-_1.JPG/224px-Patty_Duke_%281962%29_-_1.JPG,224,320,"Anna Marie ""Patty"" Duke was an American actress, appearing on stage, film, and television. Her first big break came from her Academy Award winning performance at age 16 for portraying Helen Keller in The Miracle Worker (1962); a role which she had originated on Broadway. The following year she was given her own show, The Patty Duke Show, in which she played ""identical cousins"" Cathy and Patty Lane. She later progressed to more mature roles such as that of Neely O'Hara in the film Valley of the Dolls (1967). Over the course of her career, she received ten Emmy Award nominations and three Emmy Awards, and two Golden Globe Awards. Duke also served as president of the Screen Actors Guild from 1985 to 1988.",film/tv,illness,false,20180717
/wiki/Merle_Haggard,Merle Haggard,1937,2016,April 6,20160406,1520.5,1922,1676.6107142857143,451347,442206,749.3398965753057,429.5,3082,3898,3353.2214285714285,833202,826792,1277.4739251901842,787,4660,5823.5,5028.333333333333,938287,936683,1597.599646602482,1078,10945.5,13951.5,11736.275,1128348,1130749,2977.438958127437,2562,169941,"American country music song writer, singer and musician",Merle_Haggard,Merle Haggard,https://upload.wikimedia.org/wikipedia/commons/thumb/8/85/Merle_Haggard_in_1971.jpg/253px-Merle_Haggard_in_1971.jpg,253,320,"Merle Ronald Haggard was an American country singer, songwriter, guitarist, and fiddler. Along with Buck Owens, Haggard and his band the Strangers helped create the Bakersfield sound, which is characterized by the twang of Fender Telecaster and the unique mix with the traditional country steel guitar sound, new vocal harmony styles in which the words are minimal, and a rough edge not heard on the more polished Nashville sound recordings of the same era.",music,illness,false,20180717
/wiki/Chyna,Chyna,1969,2016,April 20,20160420,4195.5,4124,4408.741496598639,3615,3628,1003.9154983034255,1064,8395,8241,8817.482993197278,1483927,1436487,1813.1711775501292,2238,12523,12390,13226.224489795919,1990678,1948768,2485.7223954326337,3288,29608,29361.5,30861.190476190477,2469080,2436908,5067.220597405095,7288,690102,"American professional wrestler, actress, glamour model, bodybuilder, pornographic  actress",Chyna,Chyna,https://upload.wikimedia.org/wikipedia/commons/thumb/f/f1/Chyna_at_Slim-Fast_Fashion_Show_1.jpg/258px-Chyna_at_Slim-Fast_Fashion_Show_1.jpg,258,320,"Chyna was an American professional wrestler, glamour model, pornographic film actress, and bodybuilder.",film/tv,drug overdose,false,20180717
/wiki/Prince_(musician),Prince (musician),1958,2016,April 21,20160421,8216,9370,9631.077966101695,5808147,5621960,4766.320378431719,2379,16709,19004.5,19261.312925170067,11273896,11147359,8019.252606363193,5277,25073.5,28601,28891.969387755104,13336871,13383228,10999.339997318652,8154,62776.5,67930,67414.59523809524,16561273,16568602,16991.270195602723,20080,57317,"American singer, songwriter, musician and actor",Prince_(musician),Prince (musician),https://upload.wikimedia.org/wikipedia/commons/thumb/e/ea/Prince.jpg/240px-Prince.jpg,240,320,"Prince Rogers Nelson was an American singer, songwriter, musician, record producer and filmmaker.",music,drug overdose,false,20180717
/wiki/Muhammad_Ali,Muhammad Ali,1942,2016,June 3,20160603,14971,12005,16142.73076923077,147398,158574,5155.414223137667,4596,30734,24434,32285.46153846154,4542596,4999157,8989.920549767068,8658,45999,37051,48511.16071428572,6348245,6842076,12071.09003951292,13228,110816,87961,113192.70833333333,8533375,9056615,21242.397951932446,26663.5,63747,"American boxer, philanthropist and activist",Muhammad_Ali,Muhammad Ali,https://upload.wikimedia.org/wikipedia/commons/thumb/8/89/Muhammad_Ali_NYWTS.jpg/256px-Muhammad_Ali_NYWTS.jpg,256,320,"Muhammad Ali was an American professional boxer, activist, and philanthropist. He is widely regarded as one of the most significant and celebrated sports figures of the 20th century. From early in his career, Ali was known as an inspiring, controversial, and polarizing figure both inside and outside the ring.",sports,illness,false,20180717
/wiki/Gordie_Howe,Gordie Howe,1928,2016,June 10,20160610,1068,985,1204.559420289855,310501,336098,812.8941621964061,536,2182.5,2003,2411.5581395348836,483730,528020,1315.0796474654808,1034.5,3347,3073,3613.6782608695653,548145,594271,1808.2464460154242,1451,8229,7234,8450.244897959185,715358,761904,3477.869131397418,3411,141390,Canadian ice hockey player,Gordie_Howe,Gordie Howe,https://upload.wikimedia.org/wikipedia/commons/thumb/6/62/Gordie_Howe_Chex_card.jpg/240px-Gordie_Howe_Chex_card.jpg,240,320,"Gordon Howe was a Canadian professional ice hockey player. From 1946 to 1980, he played twenty-six seasons in the National Hockey League (NHL) and six seasons in the World Hockey Association (WHA); his first 25 seasons were spent with the Detroit Red Wings. Nicknamed ""Mr. Hockey"", Howe is considered the most complete player to ever play the game and one of the greatest ice hockey players of all time. A 23-time NHL All-Star, he held many of the sport's career scoring records until they were broken in the 1980s by Wayne Gretzky, who himself has been a major champion of Howe's legacy. He continues to hold NHL records for most games and seasons played. In 2017, Howe was named one of the ""100 Greatest NHL Players"".",sports,natural causes,false,20180717
/wiki/Christina_Grimmie,Christina Grimmie,1994,2016,June 10,20160610,1017,5172,1074.0666666666666,468,506,496.8753247135328,507,2029,10323,2148.1162790697676,1661632,1840927,893.2027025678585,1013,3218,15692,3222.2,2691249,2899906,1310.1718586240643,1429,7036,37095,7513.408163265306,3741365,3944361,2867.089350474943,3587,30963890,"American singer, songwriter, musician, actress",Christina_Grimmie,Christina Grimmie,https://upload.wikimedia.org/wikipedia/commons/thumb/9/9f/Christina_Grimmie_2014_crop.jpg/251px-Christina_Grimmie_2014_crop.jpg,251,320,"Christina Victoria Grimmie was an American singer, songwriter, musician, actress, and YouTuber known for her participation in the NBC singing competition The Voice and for her covers of hit songs by contemporary pop musicians. In June 2011, she released her debut EP, Find Me. In 2013, she released her studio album, With Love. In 2016, she released her second EP, Side A, and a posthumous release, Side B, was made available on iTunes and Spotify. On June 9, 2017, her second and final album, All Is Vanity, was released posthumously.",music,murder,false,20180717
/wiki/Anton_Yelchin,Anton Yelchin,1989,2016,June 19,20160619,2109,6801,2222.1186440677966,668355,702518,610.838612713982,682,4258,13851,4444.237288135593,1457300,1477792,1097.8438190557772,1222,6321.5,20812,6666.35593220339,1724461,1753524,1541.1560129860684,1757,14837.5,48642,15424.52,1997309,2043462,2575.394247411452,3867,1034732,American film and television actor,Anton_Yelchin,Anton Yelchin,https://upload.wikimedia.org/wikipedia/commons/thumb/a/a7/Anton_Yelchin_Deauville_2011.jpg/226px-Anton_Yelchin_Deauville_2011.jpg,226,320,"Anton Viktorovich Yelchin was an American actor. He played Pavel Chekov in three Star Trek films: including the first film, Star Trek (2009); the first sequel, Star Trek Into Darkness (2013) and the posthumously released Star Trek Beyond (2016).",film/tv,accident,false,20180717
/wiki/Pat_Summitt,Pat Summitt,1952,2016,June 28,20160628,387,547,1138.8815426997246,408154,411995,4066.8365237659527,395,776,1139,2281.6243093922653,601625,612592,7923.224518144991,936,1199,1760,3416.6446280991736,647622,660848,9974.198938285102,1374,2948,4507.5,8058.745098039216,701047,717587,16273.767977635878,3634,213795,basketball player and coach,Pat_Summitt,Pat Summitt,https://upload.wikimedia.org/wikipedia/commons/thumb/e/e3/Pat-Summitt-Walter-Reed-Center-06-24-08-2.jpg/167px-Pat-Summitt-Walter-Reed-Center-06-24-08-2.jpg,167,320,"Patricia Sue Summitt was an American women's college basketball head coach who accrued 1,098 career wins, the most in college basketball history upon her retirement. She served as the head coach of the University of Tennessee Lady Vols basketball team from 1974 to 2012, before retiring at age 59 because of a diagnosis of early-onset Alzheimer's disease. She won eight NCAA championships.",sports,brain failure,false,20180717
/wiki/Caroline_Aherne,Caroline Aherne,1963,2016,July 2,20160702,533,654,666.6975476839237,427401,478736,528.9131765276913,375,1133,1371,1335.4863387978141,587805,648961,837.2136578136823,622,1707,2051,2003.2295081967213,669683,731427,1235.7643734427086,925,4169.5,4887,4677.807692307692,746614,811389,2134.8477610869004,1766,514223,"English comedian, writer and actress",Caroline_Aherne,Caroline Aherne,https://upload.wikimedia.org/wikipedia/en/a/a4/Caroline_Aherne_2001.jpg,101,112,"Caroline Mary Aherne was an English comedian and BAFTA-winning writer and actress, best known for performing as the acerbic chat show host Mrs Merton, various roles in The Fast Show, and as Denise in The Royle Family, a series which she co-wrote.","comedy,film/tv",cancer,false,20180717
/wiki/Juan_Gabriel,Juan Gabriel,1950,2016,August 28,20160828,537,650,688.6132075471698,259238,258389,974.0980498743221,272,1125,1296,1377.2264150943397,631975,603252,1450.6872072450722,591,1715,1932.5,2068.0709219858154,767549,732286,1792.7222362225182,885,4276.5,4555,4839.433333333333,927720,895788,3105.5797599732573,1923,355574,Mexican singer/Writer,Juan_Gabriel,Juan Gabriel,https://upload.wikimedia.org/wikipedia/commons/thumb/5/57/Juan_Gabriel_---_Pepsi_Center_---_09.26.14_%28cropped%29.jpg/281px-Juan_Gabriel_---_Pepsi_Center_---_09.26.14_%28cropped%29.jpg,281,320,"Alberto Aguilera Valadez, better known by his stage name Juan Gabriel, was a Mexican singer, songwriter and actor. Colloquially nicknamed as Juanga and El Divo de Juárez, Gabriel was known for his flamboyant style, which broke barriers within the Latin music market. Widely considered one of the best and most prolific Mexican composers and singers of all time, he has been called a pop icon.",music,heart failure,false,20180717
/wiki/Gene_Wilder,Gene Wilder,1933,2016,August 29,20160829,4071,3481,5664.425882352941,1305993,1208331,13305.268459383722,1934,8383,7135,11332.702830188678,2769450,2601196,19975.390751636325,4330.5,13008,11060,17009.72340425532,3142616,2966071,24370.191927497603,6001,32203,26194,39725.7,3569849,3410495,35741.51738771966,14687,430144,American actor,Gene_Wilder,Gene Wilder,https://upload.wikimedia.org/wikipedia/commons/thumb/9/9e/Gene_Wilder_1970.JPG/253px-Gene_Wilder_1970.JPG,253,320,"Jerome Silberman, known professionally as Gene Wilder, was an American actor, screenwriter, director, producer, singer-songwriter and author.",film/tv,brain failure,false,20180717
/wiki/Alexis_Arquette,Alexis Arquette,1969,2016,September 11,20160911,1654,2095,2050.9474885844747,320739,314158,2220.5739600054803,637,3240,4250.5,4101.8949771689495,939098,910545,3557.3857471838783,1278,5051,6313.5,6152.842465753424,1121787,1084526,4745.221046121331,1878,11533.5,14818,14388.193548387097,1321194,1285292,10119.898268388819,4245,639564,"American actress, cabaret performer and activist",Alexis_Arquette,Alexis Arquette,https://upload.wikimedia.org/wikipedia/commons/thumb/7/7f/Alexis_Arquette_2009.jpg/213px-Alexis_Arquette_2009.jpg,213,320,"Alexis Arquette was an American actress, cabaret performer, underground cartoonist, and activist. She underwent gender transitioning in her late thirties, and supported other people making similar transitions.",music,heart failure,false,20180717
/wiki/Arnold_Palmer,Arnold Palmer,1929,2016,September 25,20160925,1265.5,1126.5,1871.41592920354,1340,1353,2900.733642250885,741.5,2574.5,2321,3742.83185840708,692982,653754,5164.157428388461,1518,3912,3500,5616.486666666667,793528,753649,7444.116470284139,2104,9407,8521,13104.71875,917372,881483,12858.473852955818,4960,81694,American golfer,Arnold_Palmer,Arnold Palmer,https://upload.wikimedia.org/wikipedia/commons/thumb/9/9a/Arnold_Palmer_%28cropped%29.jpg/242px-Arnold_Palmer_%28cropped%29.jpg,242,320,"Arnold Daniel Palmer was an American professional golfer who is generally regarded as one of the greatest and most charismatic players in the sport's history. Dating back to 1955, he won numerous events on both the PGA Tour and the circuit now known as PGA Tour Champions. Nicknamed The King, he was one of golf's most popular stars and seen as a trailblazer, the first superstar of the sport's television age, which began in the 1950s.",sports,heart failure,false,20180717
/wiki/Bhumibol_Adulyadej,Bhumibol Adulyadej,1927,2016,October 13,20161013,1991,2043.5,2490.5787234042555,406780,392952,2650.131256720161,538,3978,4081.5,4981.157446808511,729799,721819,4291.956848335787,1087,5990.5,6128,7479.775641025641,872855,871856,5950.845457680908,1578,14330,14325,17446.34328358209,1110793,1096992,9549.995105964581,3666,203756,King of Thailand,Bhumibol_Adulyadej,Bhumibol Adulyadej,https://upload.wikimedia.org/wikipedia/commons/thumb/0/0f/Anefo_911-6993_Aankomst_Koning_%28cropped%29.jpg/227px-Anefo_911-6993_Aankomst_Koning_%28cropped%29.jpg,227,320,"Bhumibol Adulyadej, conferred with the title King Bhumibol the Great in 1987, was the ninth monarch of Thailand from the Chakri dynasty as Rama IX. Reigning since 9 June 1946 he was, at the time of his death, the world's longest-reigning head of state, the longest-reigning monarch in Thai history and the longest-reigning monarch having reigned only as an adult, reigning for 70 years, 126 days. During his reign, he was served by a total of 30 prime ministers beginning with Pridi Banomyong and ending with Prayut Chan-o-cha.",politics,misc disease,false,20180717
/wiki/Florence_Henderson,Florence Henderson,1934,2016,November 24,20161124,970,1377,1211.51953125,968,992,1562.2552757131373,456.5,2011.5,2916,2423.0390625,536806,564958,2428.1073387463994,834.5,3006,4472,3638.4823529411765,768853,796355,3171.070122257913,1203,7198,10305,8485.835616438357,979232,988645,4993.598312836581,2135,3648917,American actress,Florence_Henderson,Florence Henderson,https://upload.wikimedia.org/wikipedia/commons/thumb/1/1f/Florence_Henderson_2012.jpg/227px-Florence_Henderson_2012.jpg,227,320,"Florence Agnes Henderson was an American actress and singer with a career spanning six decades. She is best remembered for her starring role as matriarch Carol Brady on the ABC sitcom The Brady Bunch from 1969 to 1974. Henderson also appeared in film, as well as on stage, and hosted several long-running cooking and variety shows over the years. She appeared as a guest on many scripted and unscripted television programs and as a panelist on numerous game shows. She was a contestant on Dancing with the Stars in 2010. Henderson hosted her own talk show, The Florence Henderson Show, and cooking show, Who's Cooking with Florence Henderson, on Retirement Living TV during the years leading up to her death at age 82 on Thanksgiving Day, 2016 from heart failure.",film/tv,heart failure,false,20180717
/wiki/Fidel_Castro,Fidel Castro,1926,2016,November 25,20161125,6354,5548,8330.682261208576,7961,8378,10329.054251075177,2033,12862.5,11135,16640.93359375,1792809,1788228,18389.25439432453,4003,19415,16652,24992.04678362573,2767667,2687693,26321.06592071243,6011,45994,39240,58227.86301369863,3981865,3797397,49443.82892344981,14688,38301,former First Secretary of the Communist Party and President of Cuba,Fidel_Castro,Fidel Castro,https://upload.wikimedia.org/wikipedia/commons/thumb/6/66/Fidel_Castro_-_MATS_Terminal_Washington_1959_%28cropped%29.png/249px-Fidel_Castro_-_MATS_Terminal_Washington_1959_%28cropped%29.png,249,320,"Fidel Alejandro Castro Ruz was a Cuban communist revolutionary and politician who governed the Republic of Cuba as Prime Minister from 1959 to 1976 and then as President from 1976 to 2008. A Marxist–Leninist and Cuban nationalist, Castro also served as the First Secretary of the Communist Party of Cuba from 1961 until 2011. Under his administration, Cuba became a one-party communist state, while industry and business were nationalized and state socialist reforms were implemented throughout society.",politics,natural causes,false,20180717
/wiki/John_Glenn,John Glenn,1921,2016,December 8,20161208,1970.5,3325,3101.351711026616,508855,477121,9745.290880711738,857,4035,6672.5,6202.703422053232,1145970,1109602,14161.415594165455,1901,6185,10714.5,9292.982857142857,1266025,1234157,18979.19209584894,3015,15162,24971,21683.626666666667,1444438,1403617,32728.71629696604,6332,58702,American astronaut and politician,John_Glenn,John Glenn,https://upload.wikimedia.org/wikipedia/commons/thumb/e/e3/John_Glenn_Low_Res.jpg/252px-John_Glenn_Low_Res.jpg,252,320,"Colonel John Herschel Glenn Jr. was a United States Marine Corps aviator, engineer, astronaut, and United States Senator from Ohio. In 1962, he became the first American to orbit the Earth, circling it three times.",science,unknown,false,20180717
/wiki/Alan_Thicke,Alan Thicke,1947,2016,December 13,20161213,1454,2778,1784.6139359698682,3840,3676,1988.6824660478705,606,2909,5642,3569.388679245283,2055020,1974148,3207.7209701770107,1261,4537,8595,5353.8418079096045,2507081,2430865,3807.5337685572904,1953,10616,20481.5,12460.84,2838253,2774380,6273.659117378523,5338,611455,American actor,Alan_Thicke,Alan Thicke,https://upload.wikimedia.org/wikipedia/commons/thumb/d/d2/Alan_Thicke_2010.jpg/213px-Alan_Thicke_2010.jpg,213,320,"Alan Thicke was a Canadian actor, songwriter, comedian, game and talk show host. He was the father of singer Robin Thicke. In 2013, Thicke was inducted into Canada's Walk of Fame. Thicke died on December 13, 2016, in the Providence Saint Joseph Medical Center in Burbank, California, U.S.",film/tv,heart failure,false,20180717
/wiki/Zsa_Zsa_Gabor,Zsa Zsa Gabor,1917,2016,December 18,20161218,3451,2360,4168.020522388059,307928,298386,3970.231523751576,826.5,7019,4801,8336.041044776119,1749122,1622788,7137.246576139418,1963,10575.5,7236,12510.91573033708,2024567,1886550,9195.328360107756,2492,25403,17080,29202.276315789473,2250006,2117717,18570.1961490921,4606.5,152860,Hungarian-American socialite and actress,Zsa_Zsa_Gabor,Zsa Zsa Gabor,https://upload.wikimedia.org/wikipedia/commons/thumb/f/fc/Zsa_Zsa_Gabor_-_1959.jpg/256px-Zsa_Zsa_Gabor_-_1959.jpg,256,320,Zsa Zsa Gabor was a Hungarian-American actress and socialite. Her sisters were actresses Eva and Magda Gabor.,film/tv,heart failure,false,20180717
/wiki/George_Michael,George Michael,1963,2016,December 25,20161225,3539,7654,3867.3480662983425,1270368,1345389,1300.123478492975,1077,7082,15603.5,7739.118081180812,5546267,5480150,2460.946778942499,2255,10851,23957,11602.044198895028,6725566,6563559,3524.0899092750446,2811,25345,55944,27124.7012987013,7749130,7523843,7593.860233665081,6024,45985,"English singer-songwriter, musician, producer",George_Michael,George Michael,https://upload.wikimedia.org/wikipedia/commons/thumb/f/f2/George_Michael.jpeg/225px-George_Michael.jpeg,225,320,"Georgios Kyriacos Panayiotou, known professionally as George Michael, was an English singer, songwriter, record producer, and philanthropist who rose to fame as a member of the music duo Wham! He was widely known for his work in the 1980s and 1990s, including hit singles such as ""Wake Me Up Before You Go-Go"" and ""Last Christmas"", and albums such as Faith (1987) and Listen Without Prejudice Vol. 1 (1990).",music,misc disease,false,20180717
/wiki/Carrie_Fisher,Carrie Fisher,1956,2016,December 27,20161227,6712,8655,17254.853211009173,3017099,2771776,47563.10510963509,6978,13572,17683,34558.29044117647,5502016,5049508,89879.52383550584,13807.5,20542,26658,51910.11049723757,7803367,7107237,122819.06094302714,19559,48109,62292.5,121771.49350649351,8989054,8268493,245486.9034039237,50326,314475,"American actress, screenwriter and novelist",Carrie_Fisher,Carrie Fisher,https://upload.wikimedia.org/wikipedia/commons/thumb/0/03/Carrie_Fisher_2013-a_straightened.jpg/209px-Carrie_Fisher_2013-a_straightened.jpg,209,320,"Carrie Frances Fisher was an American actress, writer, and humorist. Fisher is known for playing Princess Leia in the Star Wars films, a role for which she was nominated for three Saturn Awards. Her other film credits include Shampoo (1975), The Blues Brothers (1980), Hannah and Her Sisters (1986), The 'Burbs (1989), When Harry Met Sally... (1989), Soapdish (1991), and The Women (2008). She was nominated twice for the Primetime Emmy Award for Outstanding Guest Actress in a Comedy Series for her performances on the television series 30 Rock and Catastrophe. She was posthumously made a Disney Legend in 2017, and in 2018 she was awarded a posthumous Grammy Award for Best Spoken Word Album.",film/tv,heart failure,false,20180717
/wiki/Debbie_Reynolds,Debbie Reynolds,1932,2016,December 28,20161228,2901,4033,7105.716117216117,1065767,976906,43186.710621380604,2282,6042,8381.5,14211.432234432234,5037365,4528070,72353.79472501685,4454,9164,12631.5,21317.148351648353,5729255,5201946,97898.716339983,6430,22373.5,29958,49740.01282051282,6283130,5741986,187328.92464192453,12513,70315,"American actress, singer, and dancer",Debbie_Reynolds,Debbie Reynolds,https://upload.wikimedia.org/wikipedia/commons/thumb/0/0f/Debbie_Reynolds_6_Allan_Warren.jpg/302px-Debbie_Reynolds_6_Allan_Warren.jpg,302,320,"Mary Frances ""Debbie"" Reynolds was an American actress, singer, businesswoman, film historian, humanitarian, and mother of the actress and writer Carrie Fisher. She was nominated for the Golden Globe Award for Most Promising Newcomer for her portrayal of Helen Kane in the 1950 film Three Little Words, and her breakout role was her first leading role, as Kathy Selden in Singin' in the Rain (1952). Other successes include The Affairs of Dobie Gillis (1953), Susan Slept Here (1954), Bundle of Joy, The Catered Affair, and Tammy and the Bachelor (1957), in which her performance of the song ""Tammy"" reached number one on the Billboard music charts. In 1959, she released her first pop music album, titled Debbie.",film/tv,stroke,false,20180717
/wiki/Om_Puri,Om Puri,1950,2017,January 6,20170106,1503,1727,1736.9945945945947,821451,764100,1078.8659419462188,492,3011,3484.5,3474.707581227437,1081222,1004153,2065.536530778051,1000,4653,5251,5210.983783783784,1191369,1099793,2555.837954250168,1422,10904,12780.5,12161.493670886075,1365620,1253093,4987.194271898393,2840,1085325,Indian actor,Om_Puri,Om Puri,https://upload.wikimedia.org/wikipedia/commons/thumb/e/ee/OmPuriSept10TIFF.jpg/206px-OmPuriSept10TIFF.jpg,206,320,"Om Prakash Puri, was an Indian actor who appeared in mainstream commercial Indian films, as well as independent and art films. He is best known for his author-backed roles in films like Aakrosh (1980), Arohan (1982), Ardh Satya and television films like Sadgati (1981) and Tamas (1987) and also light-hearted roles in Jaane Bhi Do Yaaro (1983) and Chachi 420 (1997). He had various collaborations with director Shyam Benegal and Govind Nihalani. Puri also appeared in non-Indian productions in the United States, Britain and Pakistan.",film/tv,heart failure,false,20180717
/wiki/Miguel_Ferrer,Miguel Ferrer,1955,2017,January 19,20170119,1328.5,3827.5,1912.350352112676,154786,138651,2809.648600052065,583,2725.5,7588,3824.700704225352,692152,632986,4342.538115800782,1002,4063,11724.5,5740.841269841269,804736,739966,5656.365619117348,1475,9347,27695.5,13395.296296296296,946033,861687,10537.48259046283,3195,970710,American actor,Miguel_Ferrer,Miguel Ferrer,https://upload.wikimedia.org/wikipedia/commons/thumb/7/71/Miguel_Ferrer_2015.jpg/222px-Miguel_Ferrer_2015.jpg,222,320,"Miguel José Ferrer was an American actor and voice actor. His breakthrough role was the OCP Vice President Bob Morton in the 1987 film RoboCop. Other film roles include Quigley in Blank Check (1994), Harbinger in Hot Shots! Part Deux (1993), Shan Yu in Mulan (1998), Eduardo Ruiz in Traffic (2000) and Vice President Rodriguez in Iron Man 3 (2013).",film/tv,cancer,false,20180717
/wiki/Mary_Tyler_Moore,Mary Tyler Moore,1936,2017,January 25,20170125,2456,2858.5,3260.4076655052263,886799,790974,4086.796850751705,883,4971,5693,6520.815331010453,1832940,1612890,6558.74778330903,1894,7638,8868.5,9789.193717277487,2138378,1899265,8621.328410363003,2477,17416.5,21078.5,22822.853658536584,2533307,2252048,17953.438841817377,5321,20833,"American actress, television producer",Mary_Tyler_Moore,Mary Tyler Moore,https://upload.wikimedia.org/wikipedia/commons/thumb/f/f5/Mary_Tyler_Moore_rework.jpg/244px-Mary_Tyler_Moore_rework.jpg,244,320,"Mary Tyler Moore was an American actress, known for her roles in the television sitcoms The Mary Tyler Moore Show (1970–1977), in which she starred as Mary Richards, a single woman working as a local news producer in Minneapolis, and The Dick Van Dyke Show (1961–1966), in which she played Laura Petrie, a former dancer turned Westchester homemaker, wife and mother. Her film work includes 1967's Thoroughly Modern Millie and 1980's Ordinary People, in which she played a role that was very different from the television characters she had portrayed, and for which she was nominated for an Academy Award for Best Actress.",film/tv,illness,false,20180717
/wiki/Bill_Paxton,Bill Paxton,1955,2017,February 25,20170225,2197,8320,2648.223140495868,3290,3211,6383.29864424447,751,4445,17129,5292.430463576159,2625791,2293369,9046.65457760432,1472,6672,25847.5,7935.149253731343,4101505,3499175,11039.573014654261,2162,15638.5,59556,18505.581395348836,4766067,4105211,16802.552434470846,3754,303960,"American actor, director and film producer",Bill_Paxton,Bill Paxton,https://upload.wikimedia.org/wikipedia/commons/thumb/5/55/Bill_Paxton_2014.jpg/235px-Bill_Paxton_2014.jpg,235,320,"William Archibald Paxton was an American actor and director. He appeared in films such as The Terminator (1984), Weird Science (1985), Aliens (1986), Predator 2 (1990), Tombstone (1993), True Lies (1994), Apollo 13 (1995), Twister (1996), Titanic (1997), U-571 (2000), Vertical Limit (2000), Edge of Tomorrow (2014), and Nightcrawler (2014). He also starred in the HBO drama series Big Love (2006–2011), earning three Golden Globe Award nominations during the show's run. He was nominated for a Primetime Emmy Award and a Screen Actors Guild Award for portraying Randall McCoy in the History channel miniseries Hatfields & McCoys (2012). Paxton's final film appearance was in The Circle (2017), released two months after his death.",film/tv,stroke,false,20180717
/wiki/Chuck_Berry,Chuck Berry,1926,2017,March 18,20170318,3032.5,2706,3445.7667731629394,310271,298677,2315.5281686040566,761,6121,5442,6891.533546325879,1223140,1130524,3632.5810906110623,1660,9285,8264,10340.322115384615,1529858,1408528,4965.2258650975755,2406,21891,19229.5,24103.29213483146,1817917,1677334,9938.869403296376,4782,45964,American rock-and-roll musician,Chuck_Berry,Chuck Berry,https://upload.wikimedia.org/wikipedia/commons/thumb/2/20/Chuck_Berry_1957.jpg/253px-Chuck_Berry_1957.jpg,253,320,"Charles Edward Anderson Berry was an American singer, songwriter, musician, and one of the pioneers of rock and roll music. With songs such as ""Maybellene"" (1955), ""Roll Over Beethoven"" (1956), ""Rock and Roll Music"" (1957) and ""Johnny B. Goode"" (1958), Berry refined and developed rhythm and blues into the major elements that made rock and roll distinctive. Writing lyrics that focused on teen life and consumerism, and developing a music style that included guitar solos and showmanship, Berry was a major influence on subsequent rock music.",music,heart failure,false,20180717
/wiki/David_Rockefeller,David Rockefeller,1915,2017,March 20,20170320,2324,1612,2753.520700636943,425517,385681,1484.683973498684,905,4710,3234,5507.041401273886,786639,708210,2706.010721883481,1938,7079,4834.5,8263.071770334927,913183,825780,3843.4385496324985,2882,16868,11675,19307.426966292136,1021122,932745,7873.091660180891,6877,659333,American banker and philanthropist,David_Rockefeller,David Rockefeller,https://upload.wikimedia.org/wikipedia/commons/thumb/4/49/David_Rockefeller_-_NARA_-_195929_%28cropped%29.jpg/241px-David_Rockefeller_-_NARA_-_195929_%28cropped%29.jpg,241,320,"David Rockefeller was an American banker who was chairman and chief executive of Chase Manhattan Corporation. He was the oldest living member of the Rockefeller family and family patriarch from August 2004 until his death in March 2017. Rockefeller was a son of John D. Rockefeller Jr. and Abby Aldrich Rockefeller, and a grandson of John D. Rockefeller and Laura Spelman Rockefeller.",business,heart failure,false,20180717
/wiki/Don_Rickles,Don Rickles,1926,2017,April 6,20170406,2102,2765,2570.3007751937985,432151,428231,2857.3269065018735,684,4286,5513,5143.487577639751,811154,821437,4502.380045701677,1310,6578,8417,7710.902325581395,932237,952157,5263.7780785503455,1700,15492,19499,18002.206521739132,1133967,1150894,7942.33560755279,4315,152195,American stand-up comedian,Don_Rickles,Don Rickles,https://upload.wikimedia.org/wikipedia/commons/thumb/5/55/Don_Rickles_1973.JPG/266px-Don_Rickles_1973.JPG,266,320,"Donald Jay Rickles was an American stand-up comedian, actor and author. He became well known as an insult comic. His prominent film roles included Run Silent, Run Deep (1958) with Clark Gable and Kelly's Heroes (1970) with Clint Eastwood, and beginning in 1976 he enjoyed a two-year run starring in the NBC television sitcom C.P.O. Sharkey.",comedy,misc disease,false,20180717
/wiki/Charlie_Murphy,Charlie Murphy,1959,2017,April 12,20170412,1141,3505,1389.436251920123,876046,862767,1085.6653251887228,413,2313,7104.5,2780.356923076923,1440111,1434423,1888.7559948258358,811,3513,10322,4168.3087557603685,1608798,1610266,2560.222627050544,1201,8474,24844,9726.053763440861,1806472,1808741,5347.453186120909,2249,617139,American actor,Charlie_Murphy,Charlie Murphy,https://upload.wikimedia.org/wikipedia/commons/thumb/2/27/CharlieMurphyDec09.jpg/212px-CharlieMurphyDec09.jpg,212,320,"Charles Quinton Murphy was an American actor, comedian, and writer. Murphy was best known as a writer and cast member of the Comedy Central sketch-comedy series Chappelle's Show. He was the older brother of comedian Eddie Murphy and was the older half-brother of Vernon Lynch Jr.","comedy,film/tv",cancer,false,20180717
/wiki/Chris_Cornell,Chris Cornell,1964,2017,May 18,20170518,2259,7490,2505.646288209607,2418612,2364489,941.2859619045919,736,4508,15026,5012.737609329446,3494955,3485444,1742.0090144341373,1538,6776,22804,7516.938864628821,3871342,3890506,2505.3607617428684,2292,16362,54809,17544.581632653062,4528739,4511232,5392.478580702578,4876,222165,"singer-songwriter, musician",Chris_Cornell,Chris Cornell,https://upload.wikimedia.org/wikipedia/commons/thumb/a/ab/Chris_Cornell.jpg/213px-Chris_Cornell.jpg,213,320,"Christopher John Cornell was an American musician, singer and songwriter. He was best known as the lead vocalist for the rock bands Soundgarden and Audioslave. Cornell was also known for his numerous solo works and soundtrack contributions since 1991, and as the founder and frontman for Temple of the Dog, the one-off tribute band dedicated to his late friend Andrew Wood.",music,suicide,false,20180717
/wiki/Roger_Moore,Roger Moore,1927,2017,May 23,20170523,3420.5,4302,4161.908959537573,1004139,944700,2302.7085004931546,1739.5,7070,8636,8323.817919075145,1439949,1385064,3842.772067204633,3400,10630.5,12864,12502.465217391304,1556099,1505738,5526.419681156003,5307,27016.5,31037,29222.836734693876,1796192,1764290,10591.323370025413,8365,174716,British actor,Roger_Moore,Roger Moore,https://upload.wikimedia.org/wikipedia/commons/thumb/7/7d/Sir_Roger_Moore_3.jpg/234px-Sir_Roger_Moore_3.jpg,234,320,Sir Roger George Moore was an English actor. He is best known for having played Ian Fleming's fictional British secret agent James Bond in seven feature films from 1973 to 1985.,film/tv,cancer,false,20180717
/wiki/Gregg_Allman,Gregg Allman,1947,2017,May 27,20170527,1350,2099.5,1646.412356321839,347072,395616,1191.6881442404233,461,2751,4277,3292.824712643678,793608,863972,2015.4283993899278,963,4232,6562.5,4939.237068965517,923881,989048,2777.8226790131303,1435,10184,15156,11529.515151515152,1088936,1150247,4872.830053943901,3574,505104,"American rock and blues singer, keyboardist, guitarist and songwriter",Gregg_Allman,Gregg Allman,https://upload.wikimedia.org/wikipedia/commons/thumb/6/6f/Gregg_Allman_1975.JPG/265px-Gregg_Allman_1975.JPG,265,320,"Gregory LeNoir Allman was an American singer-songwriter and musician. He was known for performing in the Allman Brothers Band. Allman grew up with an interest in rhythm and blues music, and the Allman Brothers Band fused it with rock music, jazz, and country at times. He wrote several of the band's biggest songs, including ""Whipping Post"", ""Melissa"", and ""Midnight Rider"". Allman also had a successful solo career, releasing seven studio albums. He was born and spent much of his childhood in Nashville, Tennessee, before relocating to Daytona Beach, Florida.",music,cancer,false,20180717
/wiki/Cheick_Tiot%C3%A9,Cheick Tioté,1986,2017,June 5,20170605,206,573,280.5290780141844,377348,368710,327.9289268566629,117,427.5,1185,561.3948863636364,535389,525124,620.6694381481368,261.5,676,1790,841.5872340425532,580932,570919,869.1986942292286,373,1605.5,4308,1970.33,636460,629347,1603.482578982385,719,2943775,Ivorian footballer,Cheick_Tioté,Cheick Tioté,https://upload.wikimedia.org/wikipedia/commons/thumb/9/99/Cheick_Ismael_Tiote_8920.JPG/213px-Cheick_Ismael_Tiote_8920.JPG,213,320,Cheick Ismaël Tioté was an Ivorian footballer who played as a defensive midfielder.,sports,heart failure,false,20180717
/wiki/Adam_West,Adam West,1928,2017,June 9,20170609,2302,2702,2738.517630465444,2255,2383,2363.1852733437922,808,4639.5,5398,5479.406779661017,679893,763083,3894.585966631044,1434,7021,8457,8219.110169491525,1124553,1226127,5053.491224456543,2082,16629,19175,19185.643564356436,1460083,1564742,9422.456007829822,3142,278513,American actor,Adam_West,Adam West,https://upload.wikimedia.org/wikipedia/commons/thumb/2/27/Adam_West_at_WonderCon_2009_1.JPG/239px-Adam_West_at_WonderCon_2009_1.JPG,239,320,"William West Anderson, known professionally as Adam West, was an American actor known primarily for his role as Batman in the 1960s ABC series of the same name and its 1966 theatrical feature film.",film/tv,cancer,false,20180717
/wiki/Prodigy_(rapper),Prodigy (rapper),1974,2017,June 20,20170620,611,1721.5,656.2152777777778,255732,266417,303.2411802141998,125,1220.5,3434,1312.4305555555557,501285,516997,596.7695680911447,239,1842,5110.5,1968.6458333333333,580050,601783,745.8633613019467,371.5,4324,12086,4598.9607843137255,731227,768517,1663.0817125973863,888,2017883,American rapper,Prodigy_(rapper),Prodigy (rapper),https://upload.wikimedia.org/wikipedia/commons/thumb/c/c6/Prodigy.jpg/239px-Prodigy.jpg,239,320,"Albert Johnson, better known by his stage name Prodigy, was an American rapper who was one half of the hip hop duo Mobb Deep with Havoc.",music,accident,false,20180717
/wiki/Nelsan_Ellis,Nelsan Ellis,1977,2017,July 8,20170708,661.5,2218,713.0243902439024,235529,265279,215.66895225342844,225,1334,4596.5,1426.0487804878048,609321,662577,399.8059458892918,422,2016,6729,2139.0731707317073,760665,814428,554.6511123532179,601,4659,16429,4986.5142857142855,882925,942752,1111.5653065602123,1320,20128239,American film and television actor and playwright,Nelsan_Ellis,Nelsan Ellis,https://upload.wikimedia.org/wikipedia/commons/thumb/4/43/Nelsan_Ellis_at_True_Blood_premiere_party_%28crop%29.jpg/317px-Nelsan_Ellis_at_True_Blood_premiere_party_%28crop%29.jpg,317,320,"Nelsan Ellis was an American actor and playwright. He achieved critical acclaim for his portrayal of Lafayette Reynolds in the HBO television series True Blood (2008–2014), for which he won a Satellite Award from the International Press Academy, among other accolades. He also starred as Shinwell Johnson in Elementary from 2016 to 2017, and played a variety of guest roles in other television series, including Veronica Mars and Without a Trace.",film/tv,heart failure,false,20180717
/wiki/Chester_Bennington,Chester Bennington,1976,2017,July 20,20170720,1606.5,8885,1850.976,2550909,2696304,1412.9132644141107,499,3222,17913.5,3701.952,4862969,5184954,2630.8037054030974,1007,4848.5,26652,5552.928,5537095,5934207,3583.3495853483228,1516,11444,67509,12955,6515919,6939336,6759.177485491399,3629,142809,American musician,Chester_Bennington,Chester Bennington,https://upload.wikimedia.org/wikipedia/commons/thumb/6/6d/Linkin_Park-Rock_im_Park_2014-_by_2eight_3SC0327.jpg/212px-Linkin_Park-Rock_im_Park_2014-_by_2eight_3SC0327.jpg,212,320,"Chester Charles Bennington was an American singer, songwriter, musician, and actor. He served as lead singer for the bands Linkin Park, Dead by Sunrise, Grey Daze, and Stone Temple Pilots.",music,suicide,false,20180717
/wiki/John_Heard_(actor),John Heard (actor),1946,2017,July 21,20170721,1048,2214,1303.91344873502,892,960,927.5960148020549,447,2101,4470,2609.117333333333,553392,615033,1716.791578759506,846,3195.5,6414,3913.676,843434,914461,2460.644321112663,989,7507,15238,9135.542056074766,1000474,1074982,5066.486392005885,1848,2388084,American film and television actor,John_Heard_(actor),John Heard (actor),https://upload.wikimedia.org/wikipedia/en/1/1f/John_Heard.jpg,214,317,"John Heard Jr. was an American film and television actor. He had lead roles in several films, including Deceived, Chilly Scenes of Winter, Heart Beat, Cutter's Way, Cat People, and C.H.U.D., as well as supporting roles in After Hours, Big, Beaches, Awakenings, Rambling Rose, The Pelican Brief, My Fellow Americans, Snake Eyes, and Animal Factory. He also played Peter McCallister in Home Alone and Home Alone 2: Lost in New York, as well as George in Sharknado. Heard was nominated for an Emmy Award in 1999 for guest starring on The Sopranos.",film/tv,heart failure,false,20180717
/wiki/Glen_Campbell,Glen Campbell,1936,2017,August 8,20170808,3117,2370,4074.5149544863457,321097,340173,4349.5497173758795,1393,6315,4940,8118.380208333333,838722,882607,7374.022577618887,3057.5,9467,7205,12177.5703125,984567,1039027,9290.528200541461,4684.5,23136,17071,27517.036697247706,1188205,1265249,15076.738974008818,10467,171038,"American musician, songwriter, actor",Glen_Campbell,Glen Campbell,https://upload.wikimedia.org/wikipedia/commons/thumb/2/21/Glen_Campbell_1967.JPG/259px-Glen_Campbell_1967.JPG,259,320,"Glen Travis Campbell was an American singer, guitarist, songwriter, television host, and actor. He was best known for a series of hit songs in the 1960s and 1970s, and for hosting a music and comedy variety show called The Glen Campbell Goodtime Hour on CBS television, from January 1969 through June 1972. He released over 70 albums in a career that spanned five decades, accumulating over 45 million record sales worldwide, including 12 gold albums, four platinum albums, and one double-platinum album.",music,brain failure,false,20180717
/wiki/Bruce_Forsyth,Bruce Forsyth,1928,2017,August 18,20170818,1046,1083,1866.6931964056482,463804,513483,3553.575343552304,680,2152,2236.5,3733.7609254498716,693445,778766,5783.893348716028,1411,3246,3512.5,5597.926640926641,788819,879303,8377.893892141241,2244,8151,8680,13061.82882882883,916868,1013361,14140.095744208564,6649,147505,"British presenter, actor, comedian, singer, dancer, and screenwriter",Bruce_Forsyth,Bruce Forsyth,https://upload.wikimedia.org/wikipedia/commons/thumb/1/11/Bruce_Forsyth1.jpg/135px-Bruce_Forsyth1.jpg,135,320,"Sir Bruce Joseph Forsyth-Johnson was a British presenter, actor, comedian, singer, dancer, and screenwriter whose career spanned more than 75 years. In 2012, Guinness World Records recognised Forsyth as having the longest television career for a male entertainer.Forsyth came to national attention from the mid-1950s through the ITV series Sunday Night at the London Palladium. He went on to host several game shows, including The Generation Game, Play Your Cards Right, The Price Is Right and You Bet!. He co-presented Strictly Come Dancing from 2004 to 2013.",film/tv,illness,false,20180717
/wiki/Jerry_Lewis,Jerry Lewis,1926,2017,August 20,20170820,3497,2629,4218.153649167733,702476,740510,3497.278547510327,1195,7096.5,5291,8436.523076923077,1300298,1357012,6461.823513626964,2187,10635.5,8136,12654.784615384615,1465473,1531324,9242.465136934821,3234.5,24496,18431.5,29539.936936936938,1644144,1727548,16751.249767698133,7985,15967,"American comedian, actor, film producer, writer and film director",Jerry_Lewis,Jerry Lewis,https://upload.wikimedia.org/wikipedia/commons/thumb/1/1b/Jerry_Lewis_-_1960s.jpg/256px-Jerry_Lewis_-_1960s.jpg,256,320,"Jerry Lewis was an American comedian, actor, singer, headliner, director, screenwriter, producer and humanitarian. He was known for his slapstick humor in film, television, stage and radio and was nicknamed the ""King of Comedy"". Lewis was one-half of the hit popular comedy duo Martin and Lewis with singer Dean Martin from 1946 to 1956.","comedy,film/tv",heart failure,false,20180717
/wiki/Harry_Dean_Stanton,Harry Dean Stanton,1926,2017,September 15,20170915,1475,2349,1673.545229244114,78738,86724,710.3797962312813,616,2976,4754.5,3348.1414392059555,504158,569082,1265.4338332945597,1132,4488,7160,5020.635687732342,608740,677825,1780.8037681297517,1548,10478,16307.5,11720.747826086956,719545,788464,3511.289352790085,3066,163146,"American actor, musician, and singer",Harry_Dean_Stanton,Harry Dean Stanton,https://upload.wikimedia.org/wikipedia/commons/thumb/2/27/HarryDeanStanton-1.jpg/227px-HarryDeanStanton-1.jpg,227,320,"Harry Dean Stanton was an American actor, musician, and singer.",film/tv,natural causes,false,20180717
/wiki/Hugh_Hefner,Hugh Hefner,1926,2017,September 27,20170927,5275,4113,6979.01221001221,4983,5197,9560.600431732073,1921,10694,8503.5,13945.992665036674,3266479,3415725,16077.552186221621,3854,15928,12606,20937.03663003663,4080925,4333731,21824.112276012987,5416,38707,28405,48853.08547008547,4805007,5133610,41337.55526919462,14467,14279,American businessman and magazine publisher,Hugh_Hefner,Hugh Hefner,https://upload.wikimedia.org/wikipedia/commons/thumb/5/5c/Hugh_Hefner_Glamourcon_2010.jpg/213px-Hugh_Hefner_Glamourcon_2010.jpg,213,320,"Hugh Marston Hefner was an American businessman, magazine publisher, and playboy. He was the founder of Playboy and editor-in-chief of the magazine, which he founded in 1953. He was also the chief creative officer of Playboy Enterprises, which is the publishing group that operates the magazine. An advocate of sexual liberation and freedom of expression, Hefner was a political activist and philanthropist in several other causes and public issues.",business,natural causes,false,20180717
/wiki/Tom_Petty,Tom Petty,1950,2017,October 2,20171002,2565.5,5740.5,2986.6383495145633,2133306,2141863,1344.143035646463,1243.5,5143,11514,5973.276699029127,4638207,4658934,2549.5617548677365,2729.5,7796.5,17542,8967.850364963504,5080095,5115331,3580.061238346362,4055,18675,40057,20944.42735042735,5670757,5742447,7688.868761132459,9014,61853,American musician,Tom_Petty,Tom Petty,https://upload.wikimedia.org/wikipedia/commons/thumb/5/5a/Tom_Petty_Live_in_Horsens_%28cropped2%29.jpg/253px-Tom_Petty_Live_in_Horsens_%28cropped2%29.jpg,253,320,"Thomas Earl Petty was an American singer-songwriter, multi-instrumentalist, record producer, and actor. He was the lead singer of Tom Petty and the Heartbreakers, formed in 1976. He previously led the band Mudcrutch. He was also a co-founder of the late 1980s supergroup the Traveling Wilburys.",music,drug overdose,false,20180717
/wiki/Roy_Halladay,Roy Halladay,1977,2017,November 7,20171107,456.5,1054,531.0418604651163,632434,616446,439.48559054218526,396.5,945.5,2138,1062.0837209302326,1176291,1153539,821.9871426964339,788,1421.5,3319,1591.9055944055945,1299118,1277951,1104.5448109240892,1184,3521.5,7980,3712.467213114754,1386710,1369229,2304.127853865277,2765,313339,baseball player from the United States,Roy_Halladay,Roy Halladay,https://upload.wikimedia.org/wikipedia/commons/thumb/1/12/Roy_Halladay_pitches_allison_full.jpg/254px-Roy_Halladay_pitches_allison_full.jpg,254,320,"Harry Leroy Halladay III, known commonly as Roy Halladay and often nicknamed ""Doc"", was an American professional baseball player who pitched in Major League Baseball (MLB) for the Toronto Blue Jays and Philadelphia Phillies between 1998 and 2013. His nickname, coined by Toronto Blue Jays announcer Tom Cheek, was a reference to Wild West gunslinger Doc Holliday.",sports,accident,false,20180717
/wiki/Malcolm_Young,Malcolm Young,1953,2017,November 18,20171118,1543,2066,1798.4684270952928,546393,593456,1134.2345886304258,591,3105,4151.5,3593.680459770115,816390,862501,2070.3403055180715,1211,4766.5,6318,5390.520689655173,931259,969585,2608.434667590734,1894,11020,14987,12527.59677419355,1053359,1094554,5229.4300002707305,3885,558139,Australian guitarist,Malcolm_Young,Malcolm Young,https://upload.wikimedia.org/wikipedia/commons/thumb/7/7a/Malcolm_Young_en_2010.jpg/320px-Malcolm_Young_en_2010.jpg,320,280,"Malcolm Mitchell Young was an Australian musician and songwriter, best known as a co-founder, rhythm guitarist, backing vocalist and songwriter for the hard rock band AC/DC. Except for a brief absence in 1988, he was with the band from its November 1973 beginning until retiring in 2014 due to health reasons. Young and the other members of AC/DC were inducted into the Rock and Roll Hall of Fame in 2003.",music,brain failure,false,20180717
/wiki/Charles_Manson,Charles Manson,1934,2017,November 19,20171119,14621.5,12264.5,19119.496559633026,143946,143438,19649.404355481558,6609.5,29856.5,23949,38238.99311926605,1910222,1790016,32683.386191919224,12515.5,45545.5,37053,57359.16551724138,2649938,2515760,46406.255939298084,20471,109584.5,91434,133744.9758064516,3253058,3151353,84409.28727629058,49888,42635,"American criminal, cult leader, musician",Charles_Manson,Charles Manson,https://upload.wikimedia.org/wikipedia/commons/thumb/4/4f/MansonB33920_8-14-17_%28cropped%29.jpg/288px-MansonB33920_8-14-17_%28cropped%29.jpg,288,320,"Charles Milles Manson was an American criminal, cult leader, and songwriter. In the late 1960s, he formed what became known as the Manson Family, a quasi-commune in California. Manson's followers committed a series of nine murders at four locations in July and August 1969. In 1971, he was convicted of first-degree murder and conspiracy to commit murder for the deaths of seven people, all of which members of the group carried out at his instruction. Manson was also convicted of first-degree murder for two other deaths.",other,heart failure,false,20180717
/wiki/David_Cassidy,David Cassidy,1950,2017,November 21,20171121,1844.5,3128,3666.954233409611,128388,125963,21689.77231044421,705,3800,6184.5,7333.908466819222,1066350,1067071,42673.62513305142,1273,5785,9348,11007.865979381444,1282414,1300069,57411.39880369715,1717,13303.5,23403,25761.725806451614,1542594,1574595,88415.45637539841,3692.5,88604,American actor and musician,David_Cassidy,David Cassidy,https://upload.wikimedia.org/wikipedia/commons/thumb/4/44/David_Cassidy_by_Allan_Warren_1974_2.jpg/226px-David_Cassidy_by_Allan_Warren_1974_2.jpg,226,320,"David Bruce Cassidy was an American actor, singer, songwriter, and guitarist. He was known for his role as Keith Partridge, the son of Shirley Partridge, in the 1970s musical-sitcom The Partridge Family, which led to his becoming one of popular culture's teen idols and superstar pop singers of the 1970s. He later had a career in both acting and music. He died at age 67 of liver failure that was likely caused by long-term alcohol abuse.",film/tv,misc disease,false,20180717
/wiki/Jim_Nabors,Jim Nabors,1930,2017,November 30,20171130,1821,1990,2106.955832389581,336881,345019,1426.8963949583142,712,3684,3913,4215.768707482993,663473,695299,2358.8176428302704,1261,5614.5,6040,6323.65306122449,761796,806178,3058.1302992600795,1987,13178,13733,14755.190476190477,902327,945171,5594.920611256116,4234,555824,American actor,Jim_Nabors,Jim Nabors,https://upload.wikimedia.org/wikipedia/commons/thumb/c/cf/Jim_Nabors_1968.JPG/228px-Jim_Nabors_1968.JPG,228,320,"James Thurston Nabors was an American actor, singer, and comedian.",film/tv,unknown,false,20180717
/wiki/Shashi_Kapoor,Shashi Kapoor,1938,2017,December 4,20171204,2508,2009,2718.594137542277,630644,606890,1355.426771004345,610,5061,4029,5439.270880361174,1207725,1163183,2227.6690666797626,1050,7627,6063,8161.552542372881,1397257,1354621,3445.9900247431246,1464,17915.5,14153,19052.761904761905,1606675,1567001,6313.6187764563165,2724,265130,Indian film actor and director,Shashi_Kapoor,Shashi Kapoor,,,,"Shashi Kapoor was an Indian film actor and producer. He appeared in 168 films which includes large number of Hindi films as well as in various English-language films, notably the films produced by Merchant-Ivory. He was also a film director and assistant director in the Hindi film industry.",film/tv,misc disease,false,20180717
/wiki/Kim_Jong-hyun_(singer),Kim Jong-hyun (singer),1990,2017,December 18,20171218,717,4230,766.8201997780244,604573,599927,199.8736028795199,212,1441,8504,1533.668888888889,1018821,1034430,386.68599280565974,419,2166,12700,2300.5033333333336,1221928,1253884,555.7391024472628,590,5032.5,29838,5366.2578125,1653064,1742955,1257.6793252237292,1514.5,26744321,South Korean singer,Kim_Jong-hyun_(singer),Kim Jong-hyun (singer),https://upload.wikimedia.org/wikipedia/commons/thumb/3/3f/20170708_SMTOWN_LIVE_-_%EC%A2%85%ED%98%84_%27%EB%8D%B0%EC%9E%90%EB%B6%80%27_4K_%EC%A7%81%EC%BA%A0.jpg/240px-20170708_SMTOWN_LIVE_-_%EC%A2%85%ED%98%84_%27%EB%8D%B0%EC%9E%90%EB%B6%80%27_4K_%EC%A7%81%EC%BA%A0.jpg,240,320,"Kim Jong-hyun, better known mononymously as Jonghyun, was a South Korean singer-songwriter, record producer, radio host, and author. He was the main vocalist of the South Korean boy band Shinee, and participated in SM Entertainment's project group SM the Ballad.",music,suicide,false,20180717
/wiki/Dolores_O%27Riordan,Dolores O'Riordan,1971,2018,January 15,20180115,1054,13089,1115.1722282023682,1012624,869169,386.38808029445715,225,2105.5,26467,2230.6163793103447,1922582,1693535,727.8601486127777,425.5,3158,39950.5,3346.3171521035597,2187419,1934440,841.4226874150372,664,7429,95736,7810.712121212121,2627760,2349131,1692.0552749509811,1373.5,534957,Irish singer,Dolores_O'Riordan,Dolores O'Riordan,https://upload.wikimedia.org/wikipedia/commons/thumb/b/b0/Dolores_O%27Riordan_performing_in_May_2012.jpg/234px-Dolores_O%27Riordan_performing_in_May_2012.jpg,234,320,"Dolores Mary Eileen O'Riordan was an Irish musician, singer and songwriter. She led the rock band The Cranberries from 1990 until their break-up in 2003; they reunited in 2009.",music,unknown,false,20180717
/wiki/Mark_Salling,Mark Salling,1982,2018,January 30,20180130,1038.5,2714.5,1604.4851694915253,436207,407715,4923.926363637645,336,2090.5,5402,3208.9703389830506,836305,788458,8167.971001602449,655.5,3153.5,8036,4817.388535031847,950362,899175,10485.73307604357,977,7510,18821,11258.164179104477,1099943,1045918,21872.20763557355,2385,24378497,American actor and musician,Mark_Salling,Mark Salling,https://upload.wikimedia.org/wikipedia/commons/thumb/c/c6/Mark_Salling_Glee_Premiere.jpg/209px-Mark_Salling_Glee_Premiere.jpg,209,320,"Mark Wayne Salling was an American actor and musician. He was known for his role as Noah ""Puck"" Puckerman on the television series Glee.",film/tv,suicide,false,20180717
/wiki/Billy_Graham,Billy Graham,1918,2018,February 21,20180221,3000,3066,3512.422360248447,836421,790160,2039.9709974588127,893,6096,6010.5,7024.844720496894,1362585,1295933,3805.532340164427,1583,9141,8818,10537.267080745341,1530349,1462904,5193.736383791543,2350,21388,20990,24586.956521739132,1930270,1840023,10991.149269911311,4664,690865,American Christian evangelist,Billy_Graham,Billy Graham,https://upload.wikimedia.org/wikipedia/commons/thumb/e/e0/Billy_Graham_bw_photo%2C_April_11%2C_1966.jpg/232px-Billy_Graham_bw_photo%2C_April_11%2C_1966.jpg,232,320,"William Franklin Graham Jr. was an American evangelist, a prominent evangelical Christian figure, and an ordained Southern Baptist minister who became well known internationally in the late 1940s. One of his biographers has placed him ""among the most influential Christian leaders"" of the 20th century.",other,natural causes,false,20180717
/wiki/Sridevi,Sridevi,1963,2018,February 24,20180224,3826,6909,4182.731682146543,487120,497690,1585.7267088913497,973,7674.5,13879,8366.487603305784,3605175,3332179,2931.7657884415116,1841.5,11596,20649,12548.195046439629,4736092,4330894,4207.60582545351,2429,27060.5,48682,29288.32608695652,6904441,6403726,8522.149457688156,4900,1938728,Indian actress,Sridevi,Sridevi,https://upload.wikimedia.org/wikipedia/commons/thumb/e/e7/Sridevi.jpg/240px-Sridevi.jpg,240,320,"Sridevi was an Indian actress and film producer who starred in Tamil, Telugu, Hindi, Malayalam, and Kannada films. She was referred to as Indian cinema's first female superstar. She was the recipient of a National Film Award, two Filmfare Awards and three Filmfare Awards South. In a career that spanned five decades, she was known for her sensitive portrayals of women thrown into challenging situations and appeared in a range of genres, from slapstick comedy to melodrama. Sridevi ranked as the highest-paid woman in the Indian entertainment industry in the 1980s and 1990s and is widely regarded as one of the greatest and most influential actresses in the history of Indian cinema.",film/tv,accident,false,20180717
/wiki/Davide_Astori,Davide Astori,1987,2018,March 4,20180304,125,1268,152.48515864892528,498576,463540,99.08137963295484,72,253,2558,304.9077868852459,655457,599631,181.92695148621985,140,391,3703,456.95384615384614,746754,685349,260.86162737944676,197,897,8332.5,1064.4388489208634,945590,880739,550.106714501543,439,21296113,Italian football player,Davide_Astori,Davide Astori,https://upload.wikimedia.org/wikipedia/commons/thumb/3/35/20150616_-_Portugal_-_Italie_-_Gen%C3%A8ve_-_Davide_Astori.jpg/214px-20150616_-_Portugal_-_Italie_-_Gen%C3%A8ve_-_Davide_Astori.jpg,214,320,Davide Astori was an Italian professional footballer who played as a central defender.,sports,heart failure,false,20180717
/wiki/Stephen_Hawking,Stephen Hawking,1942,2018,March 14,20180314,20775,18840,25721.893617021276,7126234,6538305,19114.54394742295,10425,42701,38445,51452.1784989858,9035384,8384581,31329.812097707698,20829,64693,58462,77165.68085106384,9676107,9033913,42961.207006665594,32044,156657,136338,180053.25531914894,10988417,10314856,79250.4451386388,72676,19376148,"British theoretical physicist, cosmologist, and author",Stephen_Hawking,Stephen Hawking,https://upload.wikimedia.org/wikipedia/commons/thumb/e/eb/Stephen_Hawking.StarChild.jpg/223px-Stephen_Hawking.StarChild.jpg,223,320,"Stephen William Hawking was an English theoretical physicist, cosmologist, and author, who was director of research at the Centre for Theoretical Cosmology at the University of Cambridge at the time of his death. He was the Lucasian Professor of Mathematics at the University of Cambridge between 1979 and 2009.",science,brain failure,false,20180717
/wiki/R._Lee_Ermey,R. Lee Ermey,1944,2018,April 15,20180415,2200,3957,2442.2355250245337,239475,223124,1812.657363064631,698,4453,7987.5,4885.082514734774,1419862,1299608,2664.6779104560196,1327,6785,11446.5,7328.253687315634,1616354,1487985,3351.896976306482,1928,16180,27183,17103.358620689654,1812158,1686168,5611.181976013871,3730,262457,American actor and former United States Marine Corps drill instructor,R._Lee_Ermey,R. Lee Ermey,https://upload.wikimedia.org/wikipedia/commons/thumb/4/4f/RLeeErmeyCrop.jpeg/192px-RLeeErmeyCrop.jpeg,192,320,"Ronald Lee Ermey was an American actor and former military drill instructor. He achieved fame when he played Gunnery Sergeant Hartman in the 1987 film Full Metal Jacket, which earned him a Golden Globe Award nomination for Best Supporting Actor. Ermey was also a United States Marine Corps staff sergeant and an honorary gunnery sergeant. During his tenure in the United States Marine Corps, he also served as a drill instructor.",film/tv,illness,false,20180717
/wiki/Harry_Anderson,Harry Anderson,1952,2018,April 16,20180416,806,1624,980.3107843137254,69533,63412,806.6204543245096,428,1610.5,3316,1960.6215686274509,547266,521416,1515.4829450672466,811,2446,4873,2940.9323529411763,642909,614797,2163.014549082258,1107,5963,11262.5,6879.075862068966,728744,703075,4573.482682750353,2253,1251324,American actor and magician,Harry_Anderson,Harry Anderson,https://upload.wikimedia.org/wikipedia/commons/thumb/d/dc/Harry_Anderson.jpg/240px-Harry_Anderson.jpg,240,320,"Harry Laverne Anderson was an American actor, comedian, and magician. He is best known for the lead role of Judge Harry Stone on the 1984–1992 television series Night Court, and later starred in the sitcom Dave's World from 1993 to 1997.",film/tv,illness,false,20180717
/wiki/Barbara_Bush,Barbara Bush,1925,2018,April 17,20180417,1641,2602,2612.9706170421155,290041,278063,6474.135690529765,836,3291.5,5472,5227.641176470588,1400934,1362684,12648.612880108774,1691,5012,7533,7841.461764705882,1649071,1615212,15475.931359648052,2708.5,11807,17242.5,18322.441379310345,2420415,2408731,25881.3236542268,7793,163047,Former First Lady of the United States,Barbara_Bush,Barbara Bush,https://upload.wikimedia.org/wikipedia/commons/thumb/a/a5/Barbara_Bush_portrait.jpg/244px-Barbara_Bush_portrait.jpg,244,320,"Barbara Bush was First Lady of the United States from 1989 to 1993 as the wife of George H. W. Bush, who served as the 41st President of the United States. She previously was Second Lady of the United States from 1981 to 1989. Among her six children are George W. Bush, the 43rd President of the United States, and Jeb Bush, the 43rd Governor of Florida.",politics,misc disease,false,20180717
/wiki/Avicii,Avicii,1989,2018,April 20,20180420,2528,18158,3180.662109375,2879671,3012192,1972.5789084070693,1892.5,5064,35189,6361.32421875,5394655,5689902,3872.4735257174066,3830.5,7626,53963.5,9536.41935483871,6140944,6427650,5338.968796451121,5702,17596,131785,22235.239726027397,7139595,7389322,11191.787972342667,13297,29331348,"Swedish DJ, remixer, and record producer",Avicii,Avicii,https://upload.wikimedia.org/wikipedia/commons/thumb/9/92/Avicii_2014_003.jpg/234px-Avicii_2014_003.jpg,234,320,"Tim Bergling, better known by his stage name Avicii, was a Swedish musician, DJ, remixer and record producer.",music,suicide,false,20180717
/wiki/Verne_Troyer,Verne Troyer,1969,2018,April 21,20180421,1528,4573,1892.3326829268292,693807,738698,1436.184202315499,721,3133,9191,3784.830078125,1694486,1727925,2419.2500937374025,1388,4800,13107.5,5678.58357771261,2000324,2018128,3244.1119398389114,1960,11697,32613,13252.301369863013,2266776,2277586,5899.852417900961,4374,418468,American actor,Verne_Troyer,Verne Troyer,https://upload.wikimedia.org/wikipedia/commons/thumb/6/6f/Verne_Troyer_2%2C_2012.jpg/320px-Verne_Troyer_2%2C_2012.jpg,320,319,"Verne Jay Troyer was an American actor, comedian, and stunt performer best known for playing Mini-Me in the Austin Powers film series. He was notable for having been only 2 ft 8 in (81 cm) tall, the result of cartilage–hair hypoplasia; this made him one of the shortest men in the world.",film/tv,accident,false,20180717
/wiki/TotalBiscuit,TotalBiscuit,1984,2018,May 24,20180524,804,2845,1068.6389413988659,72816,75375,1666.962826890282,450,1630,6074,2137.2778827977318,503753,535862,3001.8237361972174,891,2479.5,9898,3209.1875,591361,631753,3900.974236425158,1412.5,6062,19560,7484.364238410596,729493,768216,8726.038520317159,2958,37586959,British game critic and commentator,TotalBiscuit,TotalBiscuit,https://upload.wikimedia.org/wikipedia/commons/thumb/9/99/TB_PAX.PNG/320px-TB_PAX.PNG,320,312,"John Peter Bain, commonly known by his online aliases TotalBiscuit, The Cynical Brit, and TotalHalibut, was a British video gaming commentator and game critic on YouTube. He was known for his role in professional shoutcasting for games such as StarCraft II and PlanetSide 2, as well as for his regular gaming commentary videos. According to Eurogamer, he obtained a large following due to his video commentary on newly developed indie games and analysis of gaming news. Bain voiced strong support for consumer protection in the video gaming industry.",other,cancer,false,20180717
/wiki/Kate_Spade,Kate Spade,1962,2018,June 5,20180605,1062,6939.5,1362.6196261682244,2224883,2228386,1281.2467891686595,495,2117,14494.5,2725.2392523364488,3386320,3417509,2226.043702863308,965,3211,19890,4091.0112359550562,3713703,3750414,3176.024755423793,1526,7713.5,43496,9555,4447138,4504862,7166.691468541335,3609,1979209,American fashion designer,Kate_Spade,Kate Spade,https://upload.wikimedia.org/wikipedia/en/thumb/7/76/Kate_spade.png/267px-Kate_spade.png,267,320,"Katherine Noel Brosnahan, known professionally as Kate Spade and Kate Valentine, was an American fashion designer and businesswoman. She was the founder and former co-owner of the designer brand Kate Spade New York.",business,suicide,false,20180717
/wiki/Anthony_Bourdain,Anthony Bourdain,1956,2018,June 8,20180608,4152,33178,5212.461323392358,4123922,4213959,3043.822492054358,2476,8593.5,67962,10428.205223880597,6108854,6332013,5406.141467795997,5292,13365,93187.5,15644.151260504203,6786151,7014051,7225.8918241966085,7806,34319,245062.5,36503.01960784314,7716101,7945326,13690.42890349704,17734,595394,American chef,Anthony_Bourdain,Anthony Bourdain,https://upload.wikimedia.org/wikipedia/commons/thumb/d/df/Anthony_bourdain_peabody_2014b.jpg/229px-Anthony_bourdain_peabody_2014b.jpg,229,320,"Anthony Michael Bourdain was an American celebrity chef, author, travel documentarian, and television personality who starred in programs focusing on the exploration of international culture, cuisine, and the human condition. He was considered one of the most influential chefs in the world.",film/tv,suicide,false,20180717